Identificador de URL;Nombre;Categorías;Nombre de propiedad 1;Valor de propiedad 1;Nombre de propiedad 2;Valor de propiedad 2;Nombre de propiedad 3;Valor de propiedad 3;Precio;Precio promocional;Peso (kg);Alto (cm);Ancho (cm);Profundidad (cm);Stock;SKU;Código de barras;Mostrar en tienda;Envío sin cargo;Descripción;Tags;Título para SEO;Descripción para SEO;Marca;Producto Físico;MPN (Número de pieza del fabricante);Sexo;Rango de edad;Costo
novritsch-ssr77-a2-negro;Novritsch - SSR77 A2 (Negro);Marcadoras > Primarias;;;;;;;1245000.00;;;;;;1;RR0001;;SI;NO;<p>Réplica bullpup <strong>Novritsch SSR77 A2</strong> del AUG austriaco. Cuerpo de nailon reforzado, unidad de disparo electrónico programable (ETU) y sistema de cambio rápido de muelle.</p><ul><li>Sistema: AEG con ETU</li><li>Configuración: bullpup</li><li>Material: nailon reforzado</li><li>Muelle: intercambiable en campo</li></ul>;Novritsch,Marcadoras;;;;SI;;;;
novritsch-ssr-90-gen-2;Novritsch - SSR 90 Gen 2;Marcadoras > Primarias;;;;;;;1110000.00;;;;;;1;RR0005;;SI;NO;<p>Réplica <strong>Novritsch SSR 90 Gen 2</strong> del P90. Diseño bullpup compacto con cañón de precisión y alta cadencia de fuego. Apto para CQB y distancias medias.</p><ul><li>Sistema: AEG</li><li>Configuración: bullpup PDW</li><li>Cadencia: alta</li></ul>;Novritsch,Marcadoras;;;;SI;;;;
novritsch-ssg-10-a3-rifle-de-francotirador;Novritsch - SSG 10 A3 - Rifle de Francotirador;Marcadoras > Primarias;;;;;;;1095000.00;;;;;;10;RR0003;;SI;NO;<p>Marcadora de francotirador <strong>Novritsch SSG 10 A3</strong>. Culata plegable y ligera con internos de precisión. Diseñada para distancias largas y juego de francotirador.</p><ul><li>Sistema: bolt action / spring</li><li>Culata: plegable y liviana</li><li>Hop-Up: ajustable de precisión</li></ul>;Novritsch,Marcadoras;;;;SI;;;;
ztac-u94-kenwood-113-baofeng;ZTAC – U94 Kenwood 113 – Baofeng;Comunicaciones > Headsets y PTT;;;;;;;75000.00;;;;;;10;RR0044;;SI;NO;<p>PTT U94 de Z-Tactical con conector de 2 pines compatible con radios Kenwood y Baofeng. Permite activar el micrófono sin soltar la marcadora. Clip metálico con recubrimiento de goma para fijar en chaleco o arnés.</p><ul><li>Conector: Kenwood 2 pines</li><li>Material: polímero nylon</li><li>Tipo: PTT estilo U94</li></ul>;Baofeng,ZTAC,Comunicaciones;;;;SI;;;;
ztac-comtac-ii-headset-sordinas-044-gen6;ZTAC – Comtac II Headset Sordinas 044 GEN6;Comunicaciones > Headsets y PTT;;;;;;;297000.00;;;;;;10;RR0043;;SI;NO;<p>Headset <strong>ZTAC Comtac II GEN6</strong> (modelo 044). Sordinas electrónicas con cancelación de ruido pasivo y amplificación de sonido ambiente. Compatible con PTT estándar.</p><ul><li>Sordinas: electrónicas NRR activo/pasivo</li><li>Cancelación de ruido: sí</li><li>Compatibilidad: PTT estándar</li><li>Conexión: 3,5 mm</li></ul>;ZTAC,Comunicaciones;;;;SI;;;;
triple-pouch-idogear;Triple Pouch IDOgear;Equipamiento táctico > Pouches;Color;Negro;;;;;54000.00;;;;;;15;RR0093;;SI;NO;<p>Triple pouch canguro <strong>IDOgear</strong> de nailon de alta calidad. Tres bolsillos para cargadores de 5,56 mm y tres para 9 mm. Sistema MOLLE con drenaje inferior.</p><ul><li>Material: nailon</li><li>Bolsillos: 3×5,56 mm + 3×9 mm</li><li>Sistema: MOLLE</li><li>Drenaje: orificios en la base</li></ul>;IDOgear,Equipamiento táctico;;;;SI;;;;
triple-pouch-idogear;;;Color;Camuflado negro;;;;;54000.00;;;;;;10;RR0093;;;;;;;;;SI;;;;
triple-pouch-idogear;;;Color;Verde;;;;;54000.00;;;;;;5;RR0093;;;;;;;;;SI;;;;
tracer-unit-flare-smoky;Tracer Unit Flare Smoky;Tracers;;;;;;;180000.00;;;;;;1;RR0021;;SI;NO;<p>Unidad trazadora <strong>Eshooter Flare Smoky BT</strong> con control por app Bluetooth. Ofrece 8 modos: destello de boca, trazador, humo y combinaciones. Incluye cronógrafo integrado.</p><ul><li>Modos: 8 (trazador, flash, humo y combinados)</li><li>Control: app Bluetooth</li><li>Cronógrafo: sí</li><li>Peso: 105 g</li><li>Longitud: 126 mm</li></ul>;Tracers;;;ESHOOTER;SI;;;;
tracer-quadra-s-acetech;Tracer Quadra S Acetech;Tracers;;;;;;;175500.00;;;;;;4;RR0105;;SI;NO;<p>Unidad trazadora <strong>Acetech Quadra S</strong>. Trazadora de alta sensibilidad con cuatro canales LED. Recargable, compatible con BBs trazadoras estándar.</p><ul><li>Sistema: LED multicanalé</li><li>Recarga: USB</li><li>Calibre: 6 mm BB</li></ul>;Acetech,Tracers;;;Acetech;SI;;;;
tracer-brighter-r;Tracer Brighter R;Tracers;;;;;;;135000.00;;;;;;4;RR0100;;SI;NO;<p>Unidad trazadora <strong>Acetech Brighter R</strong>, compacta y recargable. Activa por movimiento (shake to wake). Compatible con BBs trazadores verdes y rojos. Carga vía USB-C.</p><ul><li>Rosca: M14- / M11+ (adaptador incluido)</li><li>Dimensiones: 57 mm × 28 mm</li><li>Peso: 33,2 g</li><li>Material: aluminio</li><li>Capacidad: ~20.000 disparos por carga</li></ul>;Tracers;;;;SI;;;;
tracer-brighter-c-titanium;Tracer Brighter C Titanium;Tracers;;;;;;;150000.00;;;;;;1;RR0018;;SI;NO;<p>Unidad trazadora <strong>Acetech Brighter C Titanium Rainbow Edition</strong>. Carcasa de titanio acabado arcoíris, diseño ultraliviano sin interruptores. Protección IP64 y activación automática por disparo.</p><ul><li>Material: titanio anodizado</li><li>Protección: IP64</li><li>Activación: automática</li><li>Rosca: M14-</li></ul>;Tracers;;;ACETECH;SI;;;;
tracer-blaster-c;Tracer Blaster C;Tracers;;;;;;;137700.00;;;;;;8;RR0017;;SI;NO;<p>Unidad trazadora <strong>Acetech Blaster C</strong>. Simula el destello de boca con efecto flash. Rosca M14- con adaptador M11+. Control de potencia inteligente y modo de ahorro de energía.</p><ul><li>Rosca: M14- (adaptador M11+ incluido)</li><li>Función: flash de boca</li><li>Control: potencia inteligente</li></ul>;Tracers;;;ACETECH;SI;;;;
tracer-bifrost-r;Tracer Bifrost R;Tracers;;;;;;;156000.00;;;;;;5;RR0019;;SI;NO;<p>Unidad trazadora <strong>Acetech Bifrost R</strong> con efecto de llama multicolor. Compatible con BBs estándar, trazadoras verdes y de gel. Carga por USB-C.</p><ul><li>Efecto: llama multicolor</li><li>Compatibilidad: BBs estándar, trazadoras y de gel</li><li>Carga: USB-C</li><li>Control: potencia inteligente</li></ul>;Tracers;;;ACETECH;SI;;;;
tokyo-marui-gbb-hi-capa-5-1-governament-blowback;Tokyo Marui GBB Hi-Capa 5.1 Governament Blowback;Marcadoras > Pistolas;;;;;;;426000.00;;;;;;10;RR0117;;SI;NO;<p>Pistola <strong>Tokyo Marui Hi-Capa 5.1 Government GBB</strong>. Corredera y armazón de polímero reforzado. Mira trasera ajustable y delantera de fibra óptica. Modo de disparo semi.</p><ul><li>Sistema: Gas Blowback (GBB)</li><li>Material: polímero</li><li>Mira delantera: fibra óptica</li><li>Mira trasera: ajustable</li><li>Modo: semiautomático</li></ul>;Tokyo Marui,Marcadoras;;;;SI;;;;
taran-tactical-jag-precision-army-armament-gbb-hi-capa-jw4-tti-sand-viper-cnc-bl;Taran Tactical Jag Precision Army Armament GBB Hi-Capa JW4 TTI Sand Viper CNC Blowback;Marcadoras > Pistolas;;;;;;;400000.00;;;;;;10;RR0120;;SI;NO;"<p>Pistola <strong>Army Armament Hi-Capa JW4 TTI Sand Viper</strong> con licencia oficial Taran Tactical. Inspirada en ""John Wick 4"". Corredera CNC mejorada con corte para óptica RMR y punteado de agarre de alta calidad.</p><ul><li>Sistema: Gas Blowback (GBB)</li><li>Corredera: CNC con corte RMR</li><li>Magwell: táctico</li><li>Seguro: ambidiestro</li><li>Cargador: hasta 45 BBs (cargador largo)</li><li>Longitud total: 250 mm</li></ul>";Taran Tactical,Marcadoras;;;;SI;;;;
taran-tactical-jag-precision-army-armament-gbb-hi-capa-jw4-tti-alpha-combat-mast;Taran Tactical Jag Precision Army Armament GBB Hi-Capa JW4 TTI Alpha Combat Master Blowback;Marcadoras > Pistolas;;;;;;;410000.00;;;;;;10;RR0119;;SI;NO;<p>Pistola <strong>Army Armament Hi-Capa JW4 TTI Alpha Combat Master</strong> con licencia oficial Taran Tactical. Corredera con corte para óptica RMR, cargador double stack, magwell táctico y empuñadura Hi-Capa cosida a mano.</p><ul><li>Sistema: Gas Blowback (GBB)</li><li>Corredera: corte para óptica RMR</li><li>Seguro: ambidiestro</li><li>Capacidad: hasta 45 BBs (cargador largo)</li><li>Longitud total: 250 mm</li></ul>;Taran Tactical,Marcadoras;;;;SI;;;;
taran-tactical-gbb-hi-capa-jw4-tti-pit-viper-blowback;Taran Tactical GBB Hi-Capa JW4 TTI Pit Viper Blowback;Marcadoras > Pistolas;;;;;;;370000.00;;;;;;10;RR0118;;SI;NO;"<p>Pistola <strong>Army Armament Hi-Capa JW4 TTI Pit Viper</strong> con licencia oficial Taran Tactical. Inspirada en ""John Wick"". Punteado de agarre de alta calidad mecanizado, superficies de control ampliadas y seguros ambidiestros.</p><ul><li>Sistema: Gas Blowback (GBB)</li><li>Empuñadura: punteado CNC de alta calidad</li><li>Seguro: ambidiestro</li><li>Magwell: táctico</li></ul>";Taran Tactical,Marcadoras;;;;SI;;;;
ssr4-mk1-gen-2-novritsch;SSR4 MK1 Gen 2 Novritsch;Marcadoras > Primarias;;;;;;;675000.00;;;;;;2;RR0099;;SI;NO;<p>Marcadora <strong>Novritsch SSR4 MK1 Gen 2</strong> AEG con ETU programable. Engranajes CNC de alta velocidad (16:1) alcanzan 22 disparos/segundo con batería 11,1 V. Cañón de precisión 6,03 mm.</p><ul><li>Sistema: AEG con ETU</li><li>Cadencia: 22 rps (11,1 V)</li><li>Engranajes: CNC 16:1</li><li>Cañón: precisión 6,03 mm</li><li>Material: polímero reforzado</li><li>Riel: Picatinny superior + guardamanos ranurado</li></ul>;Novritsch,Marcadoras;;;NOVRITSCH;SI;;;;
rifle-kwa-mp9-gas-submachine-negra;Rifle KWA MP9 Gas Submachine Negra;Marcadoras > Primarias;;;;;;;795000.00;;;;;;2;RR0101;;SI;NO;<p>Subfusil <strong>KWA KMP9</strong> Gas Blowback, réplica del Brügger & Thomet MP9. Sistema NS2 propietario con blowback potente y alta cadencia. Modos semi y full auto.</p><ul><li>Sistema: Gas Blowback (NS2)</li><li>Calibre: 6 mm BB</li><li>Capacidad del cargador: 48 BBs</li><li>Velocidad: 300–330 FPS (BB 0,20 g)</li><li>Peso con cargador: 1,68 kg</li><li>Longitud plegado: 310 mm / extendido: 530 mm</li></ul>;KWA,Marcadoras;;;;SI;;;;
resorte-m90-spring;Resorte M90 Spring;Repuestos y mejoras;;;;;;;22000.00;;;;;;49;RR0121;;SI;NO;<p>Resorte M90 de repuesto para AEG. Corresponde a una potencia aproximada de 280–300 FPS con BB 0,20 g. Apto para la mayoría de gearboxes estándar V2/V3.</p><ul><li>Tensión: M90 (~280–300 FPS)</li><li>Compatibilidad: gearboxes AEG V2/V3</li></ul>;Repuestos y mejoras;;;;SI;;;;
radio-baofeng-uv-5r;Radio Baofeng UV-5R;Comunicaciones > Radios;;;;;;;43000.00;;;;;;6;RR0110;;SI;NO;<p>Radio portátil <strong>Baofeng UV-5R</strong> bibanda VHF/UHF. Transmite en 136–174 MHz y 400–520 MHz. Batería de larga duración incluida, carga por USB.</p><ul><li>Bandas: VHF 136–174 MHz / UHF 400–520 MHz</li><li>Potencia: 5 W / 1 W</li><li>Batería: Li-Ion incluida</li></ul>;Baofeng,Comunicaciones;;;;SI;;;;
puff-dino-verde-gas-600ml;Puff Dino Verde Gas 600ML;Munición y gas > Gas propelente;;;;;;;25000.00;;;;;;29;RR0030;;SI;NO;<p>Gas verde <strong>Puff Dino</strong> 600 ml fabricado en Taiwán bajo ISO 9001. Mezcla de gas de alta calidad con aceite de silicona para lubricar y mejorar el rendimiento de cada disparo.</p><ul><li>Contenido: 600 ml</li><li>Silicona: mezclada</li><li>Certificación: ISO 9001</li></ul>;Puff Dino,Munición y gas;;;;SI;;;;
protector-de-mira;Protector de Mira;Accesorios > Rieles y monturas;;;;;;;33000.00;;;;;;2;RR0065;;SI;NO;<p>Protector de mira tipo flip-cap para rieles Picatinny. Cubre la lente óptica de impactos de BBs. Apertura rápida con resorte.</p><ul><li>Montaje: riel Picatinny</li><li>Material: polímero</li></ul>;Accesorios;;;MARG;SI;;;;
pouch-radio;Pouch Radio;Comunicaciones > Radios;;;;;;;13400.00;;;;;;4;RR0064;;SI;NO;<p>Pouch para radio de comunicaciones táctica. Compatible con sistema MOLLE para fijar en chaleco o cinturón. Cierre con velcro y aro de retención.</p><ul><li>Sistema de fijación: MOLLE</li><li>Cierre: velcro</li></ul>;Comunicaciones;;;MARG;SI;;;;
pouch-bolsa-de-descarte;Pouch Bolsa de Descarte;Equipamiento táctico > Pouches;;;;;;;44500.00;;;;;;5;RR0063;;SI;NO;<p>Bolsa de descarte táctica para cargadores vacíos durante la partida. Apertura amplia y cierre elástico para descarte rápido. Compatible con sistema MOLLE.</p><ul><li>Sistema de fijación: MOLLE</li><li>Apertura: elástica para descarte rápido</li></ul>;Equipamiento táctico;;;MARG;SI;;;;
pistola-we-gen-5-tan;Pistola WE Gen 5 Tan;Marcadoras > Pistolas;;;;;;;330000.00;;;;;;1;RR0050;;SI;NO;<p>Pistola <strong>WE Glock Gen 5</strong> GBB en color tan. Gas blowback con hop-up ajustable y diseño ergonómico. Corredera de metal y armazón de polímero.</p><ul><li>Sistema: Gas Blowback (GBB)</li><li>Calibre: 6 mm BB</li><li>Color: tan</li><li>Material: ABS + metal</li></ul>;WE,Marcadoras;;;We;SI;;;;
pistola-we-gbb-g17-ivory;Pistola WE GBB G17 Ivory;Marcadoras > Pistolas;;;;;;;300000.00;;;;;;1;RR0048;;SI;NO;<p>Pistola <strong>WE G17 GBB Ivory</strong>. Acabado bicolor negro/bronce. Gas blowback con hop-up ajustable.</p><ul><li>Fabricante: WE</li><li>Material: ABS y metal</li><li>Peso: 700 g</li><li>Longitud: 180 mm</li><li>Velocidad: 280–300 FPS</li><li>Calibre: 6 mm BB</li><li>Blowback: sí</li><li>Hop-Up: sí</li></ul>;WE,Marcadoras;;;;SI;;;;
pistola-sig-sauer-f226-negra;Pistola SIG Sauer F226 Negra;Marcadoras > Pistolas;;;;;;;345000.00;;;;;;1;RR0051;;SI;NO;<p>Pistola <strong>SIG Sauer F226</strong> GBB negra. Réplica de la P226 con sistema de gas blowback y empuñadura ergonómica. Construcción en ABS y metal.</p><ul><li>Sistema: Gas Blowback (GBB)</li><li>Calibre: 6 mm BB</li><li>Material: ABS + metal</li><li>Empuñadura: ergonómica</li></ul>;SIG Sauer,Marcadoras;;;We;SI;;;;
pistola-glock-we-gen-4-bicolor;Pistola Glock WE Gen 4 Bicolor;Marcadoras > Pistolas;;;;;;;330000.00;;;;;;3;RR0077;;SI;NO;<p>Pistola <strong>WE Glock Gen 4</strong> GBB bicolor. Corredera en negro con armazón en color contrastante. Sistema Gas Blowback con hop-up ajustable.</p><ul><li>Sistema: Gas Blowback (GBB)</li><li>Calibre: 6 mm BB</li><li>Capacidad: 24 BBs</li><li>Velocidad: ~310 FPS (BB 0,20 g)</li><li>Material: ABS + metal</li></ul>;WE,Glock,Marcadoras;;;;SI;;;;
parches;Parches;Accesorios > Parches;;;;;;;6700.00;;;;;;30;RR0056;;SI;NO;<p>Parches tácticos en variedad de modelos y motivos. Con respaldo de velcro para fijar en uniforme, chaleco o mochila.</p><ul><li>Fijación: velcro</li><li>Modelos: variados</li></ul>;Accesorios;;;MARG;SI;;;;
odin-pts;Odin PTS;Repuestos y mejoras;;;;;;;89100.00;;;;;;6;RR0109;;SI;NO;"<p>Cargadora rápida <strong>PTS Odin M12 Sidewinder</strong>. Carga cualquier cargador M4 de media capacidad en menos de 5 segundos con una sola vuelta de manivela. Compacta, entra en pouch doble de M4.</p><ul><li>Compatible: cargadores M4 midcap</li><li>Tiempo de carga: &lt;5 seg por cargador</li><li>Capacidad del sidewinder: 12 cargadores midcap</li></ul>";PTS,Repuestos y mejoras;;;;SI;;;;
novritsch-tp22;Novritsch TP22;Marcadoras > Pistolas;;;;;;;495000.00;;;;;;10;RR0012;;SI;NO;<p>Pistola <strong>Novritsch TP22</strong> GBB. Semi y full auto conmutables, placa de punto rojo universal integrada y ajuste de hop-up superior sin esfuerzo.</p><ul><li>Sistema: Gas Blowback (GBB)</li><li>Modos: semi / full auto</li><li>Montura: punto rojo universal integrada</li><li>Hop-Up: ajuste superior</li></ul>;Novritsch,Marcadoras;;;NOVRITSCH;SI;;;;
novritsch-ssp5;Novritsch SSP5;Marcadoras > Pistolas;PULGADAS;"4.3""";;;;;682500.00;;;;;;2;RR0008;;SI;NO;<p>Pistola <strong>Novritsch SSP5</strong> GBB de alta precisión. Cañón interno 6,01 mm con cámara de una pieza PMS. Internos CNC y conjunto de gatillo de acero.</p><ul><li>Sistema: Gas Blowback (GBB)</li><li>Cañón: 6,01 mm (precisión)</li><li>BBs recomendados: 0,40 g+</li><li>Gatillo: acero CNC</li></ul>;Novritsch,Marcadoras;;;NOVRITSCH;SI;;;;
novritsch-ssp5;;;PULGADAS;"5.1""";;;;;762000.00;;;;;;1;RR0008;;;;;;;;;SI;;;;
novritsch-ssp5;;;PULGADAS;"6.0""";;;;;817500.00;;;;;;0;RR0008;;;;;;;;;SI;;;;
novritsch-ssp28;Novritsch SSP28;Marcadoras > Pistolas;;;;;;;630000.00;;;;;;10;RR0011;;SI;NO;<p>Pistola <strong>Novritsch SSP28</strong> GBB, 28 disparos por segundo. Corredera dividida liviana que minimiza el retroceso y maximiza la cadencia. Efectiva con BBs pesados y a larga distancia.</p><ul><li>Sistema: Gas Blowback (GBB)</li><li>Cadencia: 28 rps</li><li>Corredera: dividida ultraliviana</li><li>BBs recomendados: pesados</li></ul>;Novritsch,Marcadoras;;;NOVRITSCH;SI;;;;
novritsch-ssp18;Novritsch SSP18;Marcadoras > Pistolas;;;;;;;570000.00;;;;;;10;RR0007;;SI;NO;<p>Pistola <strong>Novritsch SSP18</strong> GBB. Semi/full auto a 17 disparos/segundo. Cañón de precisión 6,01 mm extendido con junta tórica estabilizada. Carcasa de aluminio con blowback.</p><ul><li>Sistema: Gas Blowback (GBB)</li><li>Modos: semi / full auto (17 rps)</li><li>Cañón: 6,01 mm extendido</li><li>BBs recomendados: 0,32 g</li><li>Material: aluminio</li><li>Cañón exterior: fijo FXB</li></ul>;Novritsch,Marcadoras;;;NOVRITSCH;SI;;;;
novritsch-ssp-1;Novritsch SSP 1;Marcadoras > Pistolas;;;;;;;603000.00;;;;;;1;RR0006;;SI;NO;<p>Pistola <strong>Novritsch SSP1</strong> GBB. Corredera robusta de alto retroceso, compatible con CO2 y gases fuertes. Cañón roscado incluido.</p><ul><li>Sistema: Gas Blowback (GBB)</li><li>Compatibilidad: Green Gas / CO2</li><li>Capacidad: 31 BBs</li><li>Cañón: roscado</li></ul>;Novritsch,Marcadoras;;;NOVRITSCH;SI;;;;
novritsch-ssr9-dsg;Novritsch - SSR9 – Dsg;Marcadoras > Primarias;;;;;;;960000.00;;;;;;1;RR0004;;SI;NO;<p>Marcadora <strong>Novritsch SSR9 DSG</strong> AEG con engranaje de doble sector (DSG) preinstalado. Cadencia de hasta 36 disparos por segundo para CQB extremo.</p><ul><li>Sistema: AEG con DSG</li><li>Cadencia: hasta 36 rps</li><li>Uso: CQB</li></ul>;Novritsch,Marcadoras;;;;SI;;;;
novritsch-ssr-4-mk-2;Novritsch - SSR 4 Mk 2;Marcadoras > Primarias;;;;;;;1065000.00;;;;;;10;RR0002;;SI;NO;<p>Marcadora <strong>Novritsch SSR4 Mk 2</strong> AEG estilo M4. Construcción de metal sólido, gatillo modular ajustable y cámara de Hop-Up rotativa.</p><ul><li>Sistema: AEG</li><li>Material: metal sólido</li><li>Hop-Up: rotativo ajustable</li><li>Gatillo: modular ajustable</li></ul>;Novritsch,Marcadoras;;;;SI;;;;
mira-red-dot-romeo-5-sig-sauer;Mira Red Dot Romeo 5 SIG Sauer;Ópticas y miras;;;;;;;140000.00;;;;;;24;RR0104;;SI;NO;<p>Punto rojo <strong>SIG Sauer Romeo 5</strong> compacto. Retícula nítida con múltiples niveles de brillo. Construcción en aleación con acabado anticorrosión.</p><ul><li>Tipo: punto rojo</li><li>Montura: riel Picatinny</li><li>Batería: CR2032</li></ul>;SIG Sauer,Ópticas y miras;;;;SI;;;;
mira-red-dot-v3;Mira Red Dot - V3;Ópticas y miras;;;;;;;207000.00;;;;;;10;RR0039;;SI;NO;<p>Mira red dot V3 con tapa de lexan protectora contra impactos de BBs. Punto ajustable en X e Y, 11 niveles de brillo. Compatible con riel Picatinny, dos monturas incluidas (básica y elevada).</p><ul><li>Montura: riel Picatinny</li><li>Protección: tapa Lexan anti-BB</li><li>Brillo: 11 niveles</li><li>Ajuste: X e Y</li><li>Carcasa: goma antirayaduras</li></ul>;Ópticas y miras;;;;SI;;;;
mira-de-punto-rojo-armadillo-1x20-mm-romeo5-negro;Mira de Punto Rojo Armadillo 1X20 mm Romeo5 Negro;Ópticas y miras;;;;;;;135000.00;;;;;;1;RR0054;;SI;NO;<p>Punto rojo <strong>Armadillo 1×20 mm Romeo5</strong> de 2 MOA. Batería CR2032 con duración superior a 40.000 horas. Incluye monturas de perfil bajo y elevado tipo M1913.</p><ul><li>Retícula: punto rojo 2 MOA</li><li>Batería: CR2032</li><li>Duración: +40.000 horas</li><li>Brillo: 8 niveles día + 2 NV</li><li>Ajuste total: 100 MOA</li><li>Peso: 5,1 oz</li></ul>;Armadillo,Ópticas y miras;;;;SI;;;;
mesh;Mesh;Protección > Máscaras;;;;;;;25000.00;;;;;;11;RR0103;;SI;NO;<p>Media máscara tipo mesh para protección facial en airsoft. Estructura de malla metálica que cubre desde la nariz hasta el mentón. Liviana y con buena ventilación.</p><ul><li>Material: malla metálica</li><li>Cobertura: nariz y boca</li></ul>;Protección;;;;SI;;;;
mascara-profesional;Máscara Profesional;Protección > Máscaras;;;;;;;49100.00;;;;;;5;RR0062;;SI;NO;<p>Máscara profesional de protección facial completa para airsoft. Cubre ojos, nariz y boca con lente integrada y ventilación. Diseño ergonómico con correa ajustable.</p><ul><li>Cobertura: rostro completo</li><li>Material: polímero + lente</li></ul>;Protección;;;MARG;SI;;;;
mascara-cubrejeta;Máscara Cubrejeta;Protección > Máscaras;;;;;;;26400.00;;;;;;3;RR0061;;SI;NO;<p>Máscara cubrejeta para airsoft. Cubre el rostro completo incluyendo la zona de la nuca lateral. Liviana con ajuste mediante correas.</p><ul><li>Cobertura: rostro completo</li><li>Fijación: correas ajustables</li></ul>;Protección;;;MARG;SI;;;;
mascara-clasica;Máscara Clasica;Protección > Máscaras;;;;;;;47700.00;;;;;;3;RR0060;;SI;NO;<p>Máscara clásica de protección completa para airsoft. Diseño estándar con protección de ojos, nariz y boca. Liviana y con sistema de sujeción ajustable.</p><ul><li>Cobertura: rostro completo</li><li>Material: polímero</li></ul>;Protección;;;MARG;SI;;;;
mascara-bucal;Máscara Bucal;Protección > Máscaras;;;;;;;18300.00;;;;;;3;RR0059;;SI;NO;<p>Máscara bucal para airsoft. Cubre y protege la zona de la boca y el mentón. Diseño liviano complementario a antiparras o gafas balísticas.</p><ul><li>Cobertura: boca y mentón</li><li>Material: polímero o malla metálica</li></ul>;Protección;;;MARG;SI;;;;
magnificador-armadillo-2x-g45-negro;Magnificador Armadillo 2X G45 Negro;Ópticas y miras;;;;;;;120.00;;;;;;0;RR0055;;SI;NO;<p>Magnificador <strong>Armadillo G45 2×</strong>. Compatible con todos los modelos HWS Armadillo. Resistente al agua hasta 10 m. Montura Weaver o MIL-STD-1913.</p><ul><li>Aumento: 5× fijo</li><li>Resistencia al agua: 10 m</li><li>Montura: Weaver / MIL-STD-1913</li><li>Dimensiones: 99 × 58,4 × 83,8 mm</li><li>Peso: 362,9 g</li><li>Rango de temperatura: -40 °C a +60 °C</li></ul>;Armadillo,Ópticas y miras;;;;SI;;;;
mag-pts-250-rondas-para-m4-y-m16;Mag PTS 250 Rondas para M4 y M16;Cargadores > De marcadora;;;;;;;77500.00;;;;;;10;RR0116;;SI;NO;<p>Cargador <strong>PTS EPM1</strong> de polímero para AEG M4/M16. Capacidad de ~250 BBs con ventana indicadora de carga. Desarrollado en colaboración con Odin Innovations.</p><ul><li>Compatibilidad: M4 / M16 AEG</li><li>Capacidad: ~250 BBs</li><li>Indicador de carga: ventana lateral</li><li>Material: polímero</li></ul>;PTS,Cargadores;;;;SI;;;;
mag-pts-150-rondas-para-m4-y-m16-negro;Mag PTS 150 Rondas para M4 y M16 Negro;Cargadores > De marcadora;;;;;;;52500.00;;;;;;1;RR0098;;SI;NO;<p>Cargador <strong>PTS EPM 150R</strong> para AEG M4/M16 en negro. Polímero Dupont Zytel de alto rendimiento con interior transparente para inspección. Incluye indicador de BBs y base compatible con PMAG Ranger Plate.</p><ul><li>Compatibilidad: M4 / M16 AEG</li><li>Capacidad: 150 BBs</li><li>Material: Dupont Zytel</li><li>Interior: transparente</li><li>Color: negro</li></ul>;PTS,Cargadores;;;;SI;;;;
mag-kwa-mp9;Mag KWA MP9;Cargadores > De marcadora;;;;;;;198000.00;;;;;;2;RR0102;;SI;NO;<p>Cargador de repuesto para <strong>KWA KMP9</strong> GBB. Capacidad de 48 BBs, alimentado por Green Gas. Compatible exclusivamente con la línea KMP9/KMP9R de KWA.</p><ul><li>Compatibilidad: KWA KMP9 / KMP9R</li><li>Sistema: Green Gas GBB</li><li>Capacidad: 48 BBs</li><li>Calibre: 6 mm BB</li></ul>;KWA,Cargadores;;;;SI;;;;
luz-tactica-de-rifle-1800-lumenes-con-interruptor-ezshoot;Luz Tactica de Rifle 1800 lúmenes con Interruptor EZShoot;Iluminación;;;;;;;142500.00;;;;;;12;RR0085;;SI;NO;<p>Linterna táctica <strong>EZShoot 1800 lúmenes</strong> para marcadoras primarias. Alcance de haz ~300 m, autonomía 2,5 horas, protección IPX7. Compatible con riel Picatinny.</p><ul><li>Potencia: 1.800 lúmenes</li><li>Alcance: ~300 m</li><li>Autonomía: 2,5 h</li><li>Protección: IPX7</li><li>Interruptor: remoto incluido</li></ul>;EZShoot,Iluminación;;;;SI;;;;
luz-de-pistola-800-lumenes-linterna-compacta-ajustable-gmconn;Luz de Pistola 800 lúmenes, Linterna Compacta Ajustable GMConn;Iluminación;;;;;;;61500.00;;;;;;10;RR0089;;SI;NO;"<p>Linterna compacta <strong>GMConn GM-1085</strong> de 800 lúmenes para pistola. Sistema de riel ajustable, perfil ultra bajo (1,25"") y batería recargable integrada con indicador de carga.</p><ul><li>Potencia: 800 lúmenes</li><li>Altura: 1,25""</li><li>Peso: 1,58 oz</li><li>Batería: recargable integrada (USB)</li><li>Montaje: riel ajustable</li></ul>";GMConn,Iluminación;;;;SI;;;;
luz-de-baja-dlxarsot;Luz de Baja DLXArsot;Iluminación;;;;;;;82500.00;;;;;;5;RR0082;;SI;NO;<p>Luz de baja intensidad DLX para casco. Clasificación IP67, doble anillo impermeable. Fijación por velcro a la mayoría de cascos tácticos. Alimentada por 1 pila.</p><ul><li>Protección: IP67</li><li>Fijación: velcro trasero</li><li>Compatible: mayoría de cascos tácticos</li><li>Batería: 1 pila</li></ul>;Iluminación;;;;SI;;;;
linterna-votatu-para-rifle-pl50s-1450-lumenes;Linterna Votatu para Rifle PL50S 1450 lúmenes;Iluminación;;;;;;;189000.00;;;;;;3;RR0113;;SI;NO;<p>Linterna táctica <strong>Votatu PL50S</strong> de 1.450 lúmenes para marcadoras. Construcción en aleación resistente, montaje a riel estándar y múltiples modos de iluminación.</p><ul><li>Potencia: 1.450 lúmenes</li><li>Material: aleación</li><li>Montaje: riel estándar</li><li>Modos: múltiples niveles</li></ul>;Votatu,Iluminación;;;;SI;;;;
linterna-tactica-de-1700-lumenes-recargable-magnetico-para-rifle-ezshoot;Linterna Tactica de 1700 lúmenes Recargable Magnetico, para Rifle EZShoot;Iluminación;;;;;;;94500.00;;;;;;5;RR0086;;SI;NO;<p>Linterna táctica <strong>EZShoot 1700 lúmenes</strong> con carga magnética recargable. Alcance ~280 m, autonomía 75 min, carga completa en 1,5 horas. Compatible con rieles M y Picatinny.</p><ul><li>Potencia: 1.700 lúmenes</li><li>Alcance: ~280 m</li><li>Autonomía: 75 min</li><li>Carga: magnética (1,5 h)</li><li>Montaje: riel M-LOK y Picatinny</li></ul>;EZShoot,Iluminación;;;;SI;;;;
linterna-tactica-de-1600-lumenes-compatible-con-riel-mlok-picatinny-para-rifle-d;Linterna Tactica de 1600 lúmenes Compatible con Riel Mlok/Picatinny para Rifle Defentac;Iluminación;;;;;;;112500.00;;;;;;8;RR0090;;SI;NO;<p>Linterna táctica <strong>Defentac 1600 lúmenes</strong> para marcadoras. Compatible directamente con riel M-LOK o Picatinny sin adaptador. Indicador de nivel de potencia tricolor y modos momentáneo, constante y estroboscópico.</p><ul><li>Potencia: 1.600 lúmenes</li><li>Montaje: M-LOK / Picatinny (sin adaptador)</li><li>Indicador: LED tricolor de nivel de carga</li><li>Modos: momentáneo, constante, estroboscópico</li></ul>;Iluminación;;;;SI;;;;
linterna-tactica-800-lumenes-gazeshot;Linterna Tactica 800 lúmenes Gazeshot;Iluminación;;;;;;;58500.00;;;;;;9;RR0079;;SI;NO;<p>Linterna táctica <strong>Gazeshot 800 lúmenes</strong> para pistola. Batería de ión de litio incluida, alcance 180 m. Resistente al agua.</p><ul><li>Potencia: 800 lúmenes</li><li>Alcance: 180 m</li><li>Bombilla: LED</li><li>Batería: ión de litio (incluida)</li><li>Resistencia: al agua</li></ul>;Iluminación;;;GAZESHOOT;SI;;;;
linterna-tactica-1450-lumenes-picatinny-rail-estroboscopica-toughsol;Linterna Tactica 1450 lúmenes Picatinny Rail, Estroboscopica, Toughsol;Iluminación;;;;;;;108000.00;;;;;;5;RR0091;;SI;NO;<p>Linterna táctica <strong>Toughsol TF-1132 de 1.450 lúmenes</strong>. Compatible con riel Picatinny y M-LOK sin adaptador. Cuatro modos tácticos: constante, momentáneo, estroboscópico y estroboscópico momentáneo.</p><ul><li>Potencia: 1.450 lúmenes</li><li>Montaje: Picatinny / M-LOK (sin adaptador)</li><li>Modos: 4</li></ul>;Iluminación;;;;SI;;;;
linterna-para-rifle-de-1450-lumenes-con-interruptor-votatu-ml40;Linterna para Rifle de 1450 lúmenes con Interruptor Votatu ML40;Iluminación;;;;;;;114000.00;;;;;;7;RR0087;;SI;NO;<p>Linterna táctica <strong>Votatu ML40 de 1.450 lúmenes</strong> para riel M-LOK. Aluminio anodizado Mil-Spec, carga magnética recargable e interruptor de presión integrado. Modos alto y bajo.</p><ul><li>Potencia: 1.450 lúmenes</li><li>Material: aluminio anodizado Mil-Spec</li><li>Montaje: M-LOK</li><li>Interruptor: presión integrado</li><li>Carga: magnética</li></ul>;Votatu,Iluminación;;;;SI;;;;
linterna-para-marcadora-primaria-3000-lumenes;Linterna para Marcadora Primaria 3000 lúmenes;Iluminación;;;;;;;105000.00;;;;;;1;RR0078;;SI;NO;<p>Linterna táctica LED de 3.000 lúmenes para marcadoras primarias. Incluye función flash estroboscópico y carga por USB. Compatible con riel Picatinny.</p><ul><li>Potencia: 3.000 lúmenes</li><li>Modos: constante y estroboscópico</li><li>Carga: USB</li><li>Montaje: riel Picatinny</li></ul>;Iluminación;;;;SI;;;;
linterna-para-casco-ultra-compacta-ezaiming;Linterna para Casco Ultra Compacta Ezaiming;Iluminación;;;;;;;66750.00;;;;;;6;RR0083;;SI;NO;"<p>Linterna ultracompacta <strong>Ezaiming 9101</strong> para casco o riel Picatinny. Tamaño 1,16×2,2×0,5"", peso &lt;1,06 oz. Modos momentáneo y estroboscópico.</p><ul><li>Dimensiones: 1,16 × 2,2 × 0,5""</li><li>Peso: &lt;1,06 oz</li><li>Montaje: riel Picatinny</li><li>Modos: momentáneo / estroboscópico</li></ul>";Iluminación;;;;SI;;;;
linterna-mini-vtiger-1000-lumenes-para-glock-y-riel-picatinny;Linterna Mini Vtiger 1000 lúmenes para Glock y Riel Picatinny;Iluminación;;;;;;;87000.00;;;;;;12;RR0084;;SI;NO;<p>Linterna mini <strong>Vtiger 1000 lúmenes</strong> para Glock y riel Picatinny. Perfil ultra compacto, IPX6, carga tipo C. Autonomía 60 min.</p><ul><li>Potencia: 1.000 lúmenes</li><li>Alcance: ~300 m</li><li>Protección: IPX6</li><li>Carga: USB-C</li><li>Autonomía: 60 min</li></ul>;Glock,Iluminación;;;;SI;;;;
linterna-defentac-2400-lumenes;Linterna Defentac 2400 lúmenes;Iluminación;;;;;;;150000.00;;;;;;5;RR0106;;SI;NO;<p>Linterna táctica <strong>Defentac 2400 lúmenes</strong>. Impermeable, carga magnética con indicador de nivel de potencia. Compatible con rieles M-LOK y Picatinny.</p><ul><li>Potencia: 2.400 lúmenes</li><li>Montaje: M-LOK / Picatinny</li><li>Carga: magnética con indicador</li><li>Impermeabilidad: sí</li></ul>;Iluminación;;;;SI;;;;
linterna-defentac-1750-lumenes;Linterna Defentac 1750 lúmenes;Iluminación;;;;;;;127500.00;;;;;;10;RR0107;;SI;NO;<p>Linterna táctica <strong>Defentac 1750 lúmenes</strong> con zoom y estroboscópico. Interruptor de presión integrado, carga magnética. Compatible con riel M-LOK y Picatinny.</p><ul><li>Potencia: 1.750 lúmenes</li><li>Montaje: M-LOK / Picatinny</li><li>Interruptor: presión integrado</li><li>Carga: magnética</li><li>Modos: constante, estroboscópico momentáneo</li></ul>;Iluminación;;;;SI;;;;
linterna-de-pistola-recargable-700-lumenes-cronhawk;Linterna de Pistola Recargable 700 lúmenes Cronhawk;Iluminación;;;;;;;64800.00;;;;;;10;RR0081;;SI;NO;<p>Linterna de pistola recargable <strong>Cronhawk 700 lúmenes</strong>. Alcance ~180 m, modos constante y estroboscópico con memoria del último modo. Interruptores en ambos laterales para operación con cualquier mano.</p><ul><li>Potencia: 700 lúmenes</li><li>Alcance: ~180 m</li><li>Modos: constante y estroboscópico</li><li>Batería: recargable</li><li>Interruptores: ambos laterales</li></ul>;Iluminación;;;;SI;;;;
linterna-compacta-de-pistola-1000-lumenes-ezaiming;Linterna Compacta de Pistola 1000 lúmenes Ezaiming;Iluminación;;;;;;;57000.00;;;;;;8;RR0088;;SI;NO;<p>Linterna compacta <strong>Ezaiming 1000 lúmenes</strong> para pistola. Compatible con riel Picatinny 1913 y riel GLK (2 adaptadores incluidos). Batería recargable, modos alto/bajo y estroboscópico.</p><ul><li>Potencia: 1.000 lúmenes</li><li>Alcance: ~120 m</li><li>Autonomía: 90 min</li><li>Batería: recargable</li><li>Montaje: Picatinny 1913 / GLK</li><li>Modos: constante, momentáneo, estroboscópico, alto/bajo</li></ul>;Iluminación;;;;SI;;;;
lentes-high-lander-pyramex-gris;Lentes High Lander Pyramex Gris;Protección > Antiparras;;;;;;;31500.00;;;;;;10;RR0038;;SI;NO;<p>Antiparras tácticas <strong>Pyramex Hi-Lander</strong> gris. Marco resistente con escudo lateral extendido. Espuma ventilada indirecta y clip interior extraíble. Correa con quick release.</p><ul><li>Lente: gris</li><li>Espuma: ventilada indirecta</li><li>Correa: quick release ajustable</li><li>Clip interior: extraíble</li></ul>;Protección;;;;SI;;;;
lentes-dropzone-ballistic-kit;Lentes Dropzone Ballistic Kit;Protección > Antiparras;;;;;;;87000.00;;;;;;1;RR0071;;SI;NO;<p>Kit de antiparras balísticas <strong>Dropzone</strong> con 4 lentes intercambiables. Montura sin marco de vista panorámica. Incluye estuche rígido de neoprene y protección UV.</p><ul><li>Lentes: 4 tonalidades intercambiables</li><li>Certificación: balística máxima</li><li>Marco: sin frame (vista panorámica)</li><li>Estuche: rígido neoprene incluido</li></ul>;Protección;;;;SI;;;;
lente-pyramex-modelo-i-force-ambar;Lente Pyramex Modelo I-Force Ambar;Protección > Antiparras;;;;;;;61500.00;;;;;;6;RR0072;;SI;NO;<p>Antiparra <strong>Pyramex I-Force Ámbar</strong>. Sistema de doble lente: exterior de policarbonato y capa interna anti-empañamiento de acetato. Lente ámbar apta para interiores. Incluye banda con quick release.</p><ul><li>Lente exterior: policarbonato</li><li>Capa interna: acetato anti-empañamiento</li><li>Color lente: ámbar (indoor)</li><li>Banda: quick release</li><li>Tratamiento: antirrayaduras y anti-empañamiento</li></ul>;Protección;;;;SI;;;;
lente-high-lander-pyramex-ambar;Lente High Lander Pyramex Ambar;Protección > Antiparras;;;;;;;31500.00;;;;;;0;RR0037;;SI;NO;<p>Antiparras tácticas <strong>Pyramex Hi-Lander Ámbar</strong>. Marco resistente con escudo lateral extendido. Espuma ventilada indirecta y clip interior extraíble. Correa con quick release.</p><ul><li>Lente: ámbar</li><li>Espuma: ventilada indirecta</li><li>Correa: quick release ajustable</li><li>Clip interior: extraíble</li></ul>;Protección;;;;SI;;;;
krytac-trident-mk-iii-pdw-negra;Krytac Trident Mk III Pdw Negra;Marcadoras > Primarias;;;;;;;825000.00;;;;;;1;RR0075;;SI;NO;<p>Marcadora <strong>Krytac Trident Mk III PDW</strong> AEG. Receptores de aluminio anodizado, gearbox Nautilus con FET integrado y microinterruptor E-Trigger. Motor neo de alto par, rodamientos de 8 mm y hop-up giratorio.</p><ul><li>Sistema: AEG con E-Trigger FET</li><li>Receptores: aleación aluminio anodizado</li><li>Engranajes: rodamientos 8 mm</li><li>Gatillo: CMC ajustable con licencia</li><li>Hop-Up: giratorio ajustable</li></ul>;Marcadoras;;;krytac;SI;;;;
juego-de-rieles-picatinny;Juego de Rieles Picatinny;Accesorios > Rieles y monturas;;;;;;;46000.00;;;;;;5;RR0111;;SI;NO;<p>Juego de rieles Picatinny de aluminio en longitudes 3, 5, 7, 9, 11 y 13 ranuras. Incluye 13 tuercas en T, tornillos y 6 llaves con esquinas redondeadas.</p><ul><li>Material: aluminio</li><li>Longitudes: 3, 5, 7, 9, 11 y 13 ranuras</li><li>Incluye: 13 tuercas en T, tornillos y llaves</li></ul>;Accesorios;;;;SI;;;;
idogear-pouch-single;IDOgear Pouch Single;Equipamiento táctico > Pouches;;;;;;;16500.00;;;;;;12;RR0096;;SI;NO;<p>Pouch simple <strong>IDOgear</strong> para cargador. Nailon de alta calidad con sistema MOLLE de fibra de carbono cortado con láser. Superficie antideslizante y drenaje inferior. Dimensiones: 11×4×2 cm.</p><ul><li>Material: nailon + fibra de carbono</li><li>Sistema: MOLLE (fibra de carbono)</li><li>Dimensiones: 11 × 4 × 2 cm</li><li>Drenaje: orificios inferiores</li></ul>;IDOgear,Equipamiento táctico;;;;SI;;;;
idogear-pouch-doble;IDOgear Pouch Doble;Equipamiento táctico > Pouches;;;;;;;21000.00;;;;;;7;RR0095;;SI;NO;<p>Pouch doble <strong>IDOgear</strong> para cargadores. Nailon de alta calidad con sistema MOLLE de fibra de carbono cortado con láser. Superficie antideslizante y drenaje inferior. Fijación versátil a chaleco, mochila o cinturón.</p><ul><li>Material: nailon + fibra de carbono</li><li>Sistema: MOLLE (fibra de carbono)</li><li>Drenaje: orificios inferiores</li></ul>;IDOgear,Equipamiento táctico;;;;SI;;;;
guantes-tacticos-negros-y-tan;Guantes Tácticos Negros y Tan;Protección > Guantes;Talla;G;;;;;25500.00;;;;;;2;RR0025;;SI;NO;<p>Guantes tácticos en colores negro y tan. Palmas reforzadas y construcción duradera para uso en campo. Diseño ergonómico con protección en nudillos.</p><ul><li>Colores: negro / tan</li><li>Palmas reforzadas</li></ul>;Protección;;;;SI;;;;
guantes-tacticos-negros-y-tan;;;Talla;XXL;;;;;25500.00;;;;;;10;RR0025;;;;;;;;;SI;;;;
guantes;Guantes;Protección > Guantes;Color;Negro;Talla;XL;;;40000.00;;;;;;9;RR0092;;SI;NO;<p>Guantes tácticos de cuero artificial de microfibra. Palmas reforzadas con doble costura, compatibles con pantalla táctil en todos los dedos. Livianos, transpirables e impermeables.</p><ul><li>Material: cuero artificial de microfibra</li><li>Palmas: reforzadas, doble costura</li><li>Pantalla táctil: sí (todos los dedos)</li><li>Transpirable e impermeable</li></ul>;Protección;;;;SI;;;;
guantes;;;Color;Verde;Talla;L;;;40000.00;;;;;;5;RR0092;;;;;;;;;SI;;;;
guantes;;;Color;Tan;Talla;XL;;;40000.00;;;;;;3;RR0092;;;;;;;;;SI;;;;
guantes;;;Color;Tan;Talla;L;;;40000.00;;;;;;2;RR0092;;;;;;;;;SI;;;;
guantes;;;Color;Negro;Talla;L;;;40000.00;;;;;;5;RR0092;;;;;;;;;SI;;;;
guantes;;;Color;Verde;Talla;XL;;;40000.00;;;;;;10;RR0092;;;;;;;;;SI;;;;
go-pro-hero;Go Pro Hero;Cámaras;;;;;;;382500.00;;;;;;1;RR0067;;SI;NO;<p>Cámara de acción <strong>GoPro Hero</strong> para airsoft. Grabación en 4K con montaje compatible con equipamiento táctico. Resistente a golpes y condiciones de campo.</p><ul><li>Resolución: 4K</li><li>Resistencia: golpes y condiciones extremas</li></ul>;Go Pro,Cámaras;;;GO PRO;SI;;;;
glock-17-we-gen-5;Glock 17 WE Gen 5;Marcadoras > Pistolas;;;;;;;330000.00;;;;;;10;RR0014;;SI;NO;<p>Pistola <strong>WE Glock 17 Gen 5</strong> GBB negra. Sistema de gas blowback con hop-up ajustable. Diseño Gen 5 con empuñadura mejorada y sin seguro en el armazón.</p><ul><li>Sistema: Gas Blowback (GBB)</li><li>Calibre: 6 mm BB</li><li>Color: negro</li><li>Hop-Up: ajustable</li></ul>;WE,Glock,Marcadoras;;;WE;SI;;;;
glock-17-we-gen-4;Glock 17 WE Gen 4;Marcadoras > Pistolas;;;;;;;315000.00;;;;;;0;RR0013;;SI;NO;<p>Pistola <strong>WE Glock 17 Gen 4</strong> GBB negra. Sistema de gas blowback, hop-up ajustable y empuñadura con textura Gen 4. Alta fiabilidad en campo.</p><ul><li>Sistema: Gas Blowback (GBB)</li><li>Calibre: 6 mm BB</li><li>Color: negro</li><li>Hop-Up: ajustable</li></ul>;WE,Glock,Marcadoras;;;WE;SI;;;;
g-g-bbs-verde-tracer-0-28-g-2700-r-botella;G&G BBs Verde Tracer 0,28 g / 2700 R Botella;Munición y gas > BBs;;;;;;;42000.00;;;;;;0;RR0029;;SI;NO;<p>BBs trazadoras G&G de 0,28 g, línea verde tracer. Esféricas de precisión, diámetro 5,95 mm ±0,01 mm. Botella redonda con 2.700 unidades.</p><ul><li>Peso: 0,28 g</li><li>Diámetro: 5,95 mm ±0,01 mm</li><li>Cantidad: 2.700 BBs</li><li>Tipo: tracer verde</li><li>Calibre: 6 mm</li></ul>;G&G,Munición y gas;;;G&G;SI;;;;
g-g-bbs-verde-tracer-0-25g;G&G BBs Verde Tracer 0.25G;Munición y gas > BBs;;;;;;;36750.00;;;;;;3;RR0028;;SI;NO;<p>BBs trazadoras G&G de 0,25 g, línea verde tracer. Esféricas de precisión, diámetro 5,95 mm ±0,01 mm. Botella redonda con 2.700 unidades.</p><ul><li>Peso: 0,25 g</li><li>Diámetro: 5,95 mm ±0,01 mm</li><li>Cantidad: 2.700 BBs</li><li>Tipo: tracer verde</li><li>Calibre: 6 mm</li></ul>;G&G,Munición y gas;;;G&G;SI;;;;
g-g-aeg-arp-556-pdw;G&G AEG Arp 556 Pdw;Marcadoras > Primarias;;;;;;;588000.00;;;;;;0;RR0016;;SI;NO;"<p>Marcadora <strong>G&G ARP 556 PDW</strong> AEG. Receptor de polímero duradero, guardamanos M-LOK de 7"" esqueletizado y culata plegable estilo GOS-V9. Gatillo de cara plana tipo competición.</p><ul><li>Sistema: AEG</li><li>Guardamanos: M-LOK 7""</li><li>Culata: plegable PDW GOS-V9</li><li>Gatillo: cara plana</li><li>Material: polímero duradero</li></ul>";G&G,Marcadoras;;;G&G;SI;;;;
gancho-para-monturas;Gancho para Monturas;Accesorios > Rieles y monturas;;;;;;;18000.00;;;;;;12;RR0112;;SI;NO;"<p>Gancho para montura QD de 2 puntos <strong>REERON</strong> de 1,25"". Monturas giratorias QD para rieles M. Correa de alta tenacidad incluida.</p><ul><li>Tipo: QD 2 puntos</li><li>Ancho: 1,25""</li><li>Compatible: rieles M</li></ul>";Accesorios;;;;SI;;;;
ezshoot-linterna-laser-recargable-de-800-lumenes;EZShoot Linterna Láser Recargable de 800 Lúmenes;Iluminación;;;;;;;75000.00;;;;;;0;RR0035;;SI;NO;"<p>Combo linterna-láser <strong>EZShoot 800 lúmenes</strong> recargable por USB. Láser rojo clase IIIA (&lt;5 mW), alcance de haz luz ~160 m / láser ~2.000 m (noche). Autonomía 60–75 min linterna y 12 h solo láser.</p><ul><li>Potencia luz: 800 lúmenes</li><li>Láser: rojo, clase IIIA (&lt;5 mW)</li><li>Alcance luz: ~160 m</li><li>Alcance láser: ~2.000 m (noche)</li><li>Autonomía: 60–75 min (luz) / 12 h (solo láser)</li><li>Carga: USB</li></ul>";EZShoot,Iluminación;;;;SI;;;;
ezshoot-linterna-de-pistola-de-800-lumenes;EZShoot Linterna de Pistola de 800 Lúmenes;Iluminación;;;;;;;40.00;;;;;;0;RR0034;;SI;NO;<p>Linterna de pistola <strong>EZShoot 800 lúmenes</strong> recargable por USB. Diseño compacto de 2,01 oz, autonomía ~1,2 horas. Compatible con riel Picatinny.</p><ul><li>Potencia: 800 lúmenes</li><li>Alcance: ~160 m</li><li>Peso: 2,01 oz</li><li>Autonomía: ~1,2 h</li><li>Carga: USB</li><li>Montaje: Picatinny</li></ul>;EZShoot,Iluminación;;;;SI;;;;
estuche-armadillo-impermeable-rigido-protector-para-pistola;Estuche Armadillo Impermeable Rígido Protector para Pistola;Estuches y bolsos;;;;;;;23000.00;;;;;;2;RR0046;;SI;NO;<p>Estuche rígido impermeable <strong>Armadillo</strong> para pistola. Polímero de alta resistencia, color negro. Dimensiones internas: 295×187×65 mm, volumen interior 3,6 l.</p><ul><li>Material: polímero</li><li>Dimensiones externas: 310 × 256 × 80 mm</li><li>Dimensiones internas: 295 × 187 × 65 mm</li><li>Volumen: 3,6 l</li><li>Color: negro</li></ul>;Armadillo,Estuches y bolsos;;;;SI;;;;
estuche-armadillo-impermeable-para-fusil-de-asalto;Estuche Armadillo Impermeable para Fusil de Asalto;Estuches y bolsos;;;;;;;198000.00;;;;;;1;RR0045;;SI;NO;<p>Estuche rígido impermeable <strong>Armadillo</strong> para marcadora primaria. Polímero de alta resistencia, color negro. Dimensiones internas: 930×356×152 mm, volumen interior 50,3 l.</p><ul><li>Material: polímero</li><li>Dimensiones externas: 978 × 420 × 173 mm</li><li>Dimensiones internas: 930 × 356 × 152 mm</li><li>Volumen: 50,3 l</li><li>Color: negro</li></ul>;Armadillo,Estuches y bolsos;;;;SI;;;;
emerson-gear-upgraded-version-g3-combat-shirt-muticam;Emerson Gear – Upgraded Version G3 Combat Shirt／muticam;Uniformes;;;;;;;150000.00;;;;;;10;RR0032;;SI;NO;<p>Camisa de combate <strong>Emerson Gear G3 Upgraded Multicam</strong>. Corte ergonómico con tejido transpirable y de secado rápido. Diseñada para movilidad táctica en campo.</p><ul><li>Marca: Emerson Gear</li><li>Modelo: G3 Upgraded</li><li>Color: Multicam</li><li>Material: tejido transpirable de secado rápido</li></ul>;Emerson,Uniformes;;;EMERSON;SI;;;;
emerson-gear-g3-combat-pants-upgraded-version-multicam;Emerson Gear – G3 Combat Pants-Upgraded Version ／Multicam;Uniformes;;;;;;;226500.00;;;;;;10;RR0031;;SI;NO;<p>Pantalón de combate <strong>Emerson Gear G3 Upgraded Multicam</strong>. Tejido de alta calidad con corte ergonómico para máxima movilidad. Diseñado para uso táctico en campo.</p><ul><li>Marca: Emerson Gear</li><li>Modelo: G3 Upgraded</li><li>Color: Multicam</li><li>Material: tejido resistente y transpirable</li></ul>;Emerson,Uniformes;;;EMERSON;SI;;;;
cuchillo-de-goma-dumi;Cuchillo de Goma Dumi;Accesorios > Entrenamiento;;;;;;;22000.00;;;;;;49;RR0123;;SI;NO;<p>Cuchillo de entrenamiento de goma dumi para práctica de combate cuerpo a cuerpo en airsoft y artes marciales. Material de goma flexible, sin filo.</p><ul><li>Material: goma flexible</li><li>Uso: entrenamiento y simulación táctica</li></ul>;Accesorios;;;;SI;;;;
correa-2-puntos-alta-tenacidad;Correa 2 Puntos Alta Tenacidad;Equipamiento táctico > Correas;;;;;;;26900.00;;;;;;6;RR0057;;SI;NO;<p>Correa de 2 puntos de alta tenacidad para marcadoras. Múltiples puntos de anclaje ajustables para distribución cómoda del peso. Apta para uso en campo prolongado.</p><ul><li>Tipo: 2 puntos</li><li>Material: alta tenacidad</li><li>Ajuste: longitud regulable</li></ul>;Equipamiento táctico;;;MARG;SI;;;;
correa-1-punto;Correa 1 Punto;Equipamiento táctico > Correas;;;;;;;16000.00;;;;;;22;RR0122;;SI;NO;<p>Correa de 1 punto para marcadoras. Permite porteo rápido con libertad de movimiento y transición ágil. Compatible con la mayoría de marcadoras con punto de anclaje trasero.</p><ul><li>Tipo: 1 punto</li><li>Ajuste: longitud regulable</li></ul>;Equipamiento táctico;;;;SI;;;;
chest-rig-profesional;Chest Rig Profesional;Equipamiento táctico > Chest rigs;;;;;;;195000.00;;;;;;5;RR0058;;SI;NO;<p>Chest rig profesional táctico con sistema MOLLE. Tejido resistente al agua, diseño ergonómico ajustable. Múltiples bolsillos y pouches para configuración modular.</p><ul><li>Sistema: MOLLE</li><li>Material: tejido resistente al agua</li><li>Ajuste: ergonómico</li></ul>;Equipamiento táctico;;;;SI;;;;
chalecos-varios-colores-sin-pouchs;Chalecos Varios Colores sin Pouchs;Protección > Chalecos;;;;;;;160000.00;;;;;;9;RR0114;;SI;NO;<p>Chalecos tácticos en varios colores, sin pouches incluidos. Estructura modular con sistema MOLLE para configurar según necesidad. Diseño ajustable por talla.</p><ul><li>Sistema: MOLLE</li><li>Pouches: no incluidos</li><li>Colores: varios</li></ul>;Protección;;;;SI;;;;
chaleco;Chaleco;Protección > Chalecos;;;;;;;182500.00;;;;;;1;RR0074;;SI;NO;<p>Chaleco táctico completo con sistema MOLLE. Incluye pouches integrados y ajuste de talla mediante correas. Apto para uso en campo.</p><ul><li>Sistema: MOLLE</li><li>Pouches: incluidos</li><li>Ajuste: correas laterales</li></ul>;Protección;;;;SI;;;;
casco-pts-airsoft-mtek-flux-negro;Casco PTS Airsoft MTEK Flux (Negro);Protección > Cascos;;;;;;;384000.00;;;;;;10;RR0042;;SI;NO;<p>Casco <strong>PTS MTEK Flux</strong> réplica en negro para airsoft. Diseño ultraliviano y ergonómico, compatible con accesorios tácticos estándar. Materiales de alta calidad con ajuste seguro.</p><ul><li>Marca: PTS</li><li>Modelo: MTEK Flux</li><li>Color: negro</li><li>Material: polímero liviano</li></ul>;PTS,MTEK,Flux,Protección;;;;SI;;;;
casco-emerson-sf-ultra-high-cut;Casco Emerson Sf Ultra High Cut;Protección > Cascos;;;;;;;163500.00;;;;;;11;RR0097;;SI;NO;<p>Casco táctico <strong>Emerson SF Ultra High Cut</strong>. Diseño de corte alto para liberar las orejas y permitir uso de headsets. Soporte para montura NVG y raíles laterales.</p><ul><li>Material: ABS resistente a impactos</li><li>Interior: espuma de alta densidad EPS + memoria</li><li>Corte: ultra-high cut (compatible con headsets)</li><li>Montura: NVG integrada</li><li>Tallas: S/M (55–59 cm) y L/XL (59–62 cm)</li></ul>;Emerson,Protección;;;;SI;;;;
cargadora-de-velocidad-wosport-1000r;Cargadora de Velocidad WoSport 1000R;Cargadores > Speedloaders;;;;;;;49500.00;;;;;;6;RR0027;;SI;NO;<p>Cargadora de velocidad <strong>WoSport 1000R</strong> para BBs de 6 mm. Capacidad de 1.000 BBs, polímero negro. Compatible con línea M4 de airsoft.</p><ul><li>Modelo: EX0403</li><li>Capacidad: 1.000 BBs</li><li>Peso neto: 0,2 kg</li><li>Material: polímero</li><li>Calibre: 6 mm BB</li><li>Color: negro</li></ul>;WoSport,Cargadores;;;;SI;;;;
cargadora-de-velocidad-cyma-100r;Cargadora de Velocidad CYMA 100R;Cargadores > Speedloaders;;;;;;;10500.00;;;;;;19;RR0026;;SI;NO;<p>Cargadora de velocidad CYMA 100R para BBs de 6 mm. Modelo CY-C19A, liviana a 56 g. Color negro humo.</p><ul><li>Modelo: CY-C19A</li><li>Capacidad: 100 BBs</li><li>Peso: 56 g</li><li>Calibre: 6 mm</li><li>Color: negro humo</li></ul>;CYMA,Cargadores;;;;SI;;;;
cargador-tokyo-marui-31r-para-gbb-hi-capa-5-1-negro;Cargador Tokyo Marui 31R para GBB Hi-Capa 5.1 Negro;Cargadores > De marcadora;;;;;;;100000.00;;;;;;10;RR0115;;SI;NO;<p>Cargador <strong>Tokyo Marui Hi-Capa 5.1</strong> de 31 BBs en metal negro. Compatible exclusivamente con la línea Hi-Capa 5.1 GBB de Tokyo Marui.</p><ul><li>Compatibilidad: TM Hi-Capa 5.1 GBB</li><li>Capacidad: 31 BBs</li><li>Material: metal</li><li>Calibre: 6 mm BB</li><li>Color: negro</li></ul>;Tokyo Marui,Cargadores;;;;SI;;;;
cargador-glock-17-extendido;Cargador Glock 17 Extendido;Cargadores > De marcadora;;;;;;;111000.00;;;;;;3;RR0052;;SI;NO;<p>Cargador extendido WE para <strong>Glock 17</strong> GBB. Mayor capacidad que el cargador estándar, construcción metálica de alta resistencia.</p><ul><li>Compatibilidad: WE Glock 17</li><li>Sistema: Green Gas GBB</li><li>Calibre: 6 mm BB</li><li>Material: metal</li></ul>;Glock,Cargadores;;;We;SI;;;;
cargador-de-baterias-gen-ace;Cargador de Baterías Gen Ace;Cargadores > De marcadora;;;;;;;60000.00;;;;;;1;RR0073;;SI;NO;<p>Cargador de baterías <strong>Gen Ace</strong> para baterías LiPo/LiHV y NiMH de airsoft. Carga balanceada con protección contra sobrecarga, cortocircuito y sobrecalentamiento. Indicadores LED de estado.</p><ul><li>Compatible: LiPo, LiHV, NiMH</li><li>Protecciones: sobrecarga, cortocircuito, temperatura</li><li>Indicadores: LED de estado</li></ul>;Cargadores;;;;SI;;;;
cargador-de-bateria-titan;Cargador de Batería Titan;Cargadores > De marcadora;;;;;;;127500.00;;;;;;6;RR0108;;SI;NO;<p>Cargador de baterías <strong>Titan</strong> para baterías de airsoft. Carga rápida y uniforme con protección inteligente contra sobrecarga, cortocircuito y sobrecalentamiento. Indicadores LED.</p><ul><li>Compatible: baterías de airsoft (LiPo/NiMH)</li><li>Protecciones: sobrecarga, cortocircuito, temperatura</li><li>Indicadores: LED</li></ul>;Cargadores;;;;SI;;;;
cargador-glock-17;Cargador Glock 17;Cargadores > De marcadora;;;;;;;66000.00;;;;;;10;RR0047;;SI;NO;<p>Cargador de repuesto WE para <strong>Glock 17</strong> GBB. Construcción metálica, capacidad 22 BBs.</p><ul><li>Marca: WE</li><li>Compatibilidad: G17</li><li>Capacidad: 22 BBs</li><li>Calibre: 6 mm BB</li><li>Material: metal</li></ul>;Glock,Cargadores;;;;SI;;;;
camara-go-pro-hero-13-black;Camara Go Pro Hero 13 Black;Cámaras;;;;;;;420.00;;;;;;0;RR0066;;SI;NO;<p>Cámara de acción <strong>GoPro Hero 13 Black</strong>. Grabación en 5.3K, fotos de 27 MP. Resistente al agua hasta 10 m. Montaje compatible con accesorios tácticos para airsoft.</p><ul><li>Video: 5.3K</li><li>Foto: 27 MP</li><li>Impermeabilidad: hasta 10 m</li></ul>;Go Pro,Cámaras;;;GO PRO;SI;;;;
camara-de-alcance-runcam-2-4k;Cámara de Alcance Runcam 2 – 4K;Cámaras;;;;;;;400500.00;;;;;;10;RR0040;;SI;NO;<p>Cámara de alcance <strong>RunCam 2 4K</strong>. Montaje en riel Picatinny estándar para grabar cada disparo. Batería integrada con 240 min a 1080P/60fps o 160 min a 2.7K/60fps.</p><ul><li>Resolución: 4K / 2.7K / 1080P</li><li>Autonomía: 240 min (1080P) / 160 min (2.7K)</li><li>Montaje: riel Picatinny</li><li>App: WiFi RunCam</li></ul>;Runcam,Cámaras;;;NOVRITSH;SI;;;;
bolso-rifle-85-tan;Bolso Rifle 85 Tan;Estuches y bolsos;;;;;;;57000.00;;;;;;0;RR0033;;SI;NO;<p>Bolso para marcadora de 85 cm en color tan. Dos compartimentos con cierre, relleno de esponja y correas de velcro internas. Correas de seguridad externas con hebillas. Bolsillo trasero con ventana transparente.</p><ul><li>Longitud: 85 cm</li><li>Color: tan</li><li>Compartimentos: 2 (con cierre y esponja)</li><li>Bolsillo trasero: con ventana transparente</li></ul>;Estuches y bolsos;;;;SI;;;;
bolsa-de-descarte-idogear;Bolsa de Descarte IDOgear;Equipamiento táctico > Pouches;;;;;;;37000.00;;;;;;24;RR0125;;SI;NO;<p>Bolsa de descarte <strong>IDOgear</strong> para cargadores vacíos. Fabricada en nailon resistente con sistema MOLLE para fijación a chaleco o cinturón. Apertura amplia con cierre elástico.</p><ul><li>Marca: IDOgear</li><li>Material: nailon táctico</li><li>Sistema: MOLLE</li><li>Apertura: elástica</li></ul>;IDOgear,Equipamiento táctico;;;;SI;;;;
bengalas-negras-y-azules;Bengalas Negras y Azules;Accesorios > Bengalas;;;;;;;4500.00;;;;;;50;RR0076;;SI;NO;<p>Bengalas de señalización en colores negro y azul. Para uso en partidas de airsoft como indicadores visuales de posición o eliminación.</p><ul><li>Colores disponibles: negro y azul</li><li>Uso: señalización táctica en partidas</li></ul>;Accesorios;;;;SI;;;;
bbs-tracers-bls-1-kg-0-28;BBs Tracers BLS 1 kg 0.28;Munición y gas > BBs;;;;;;;49500.00;;;;;;38;RR0068;;SI;NO;<p>BBs trazadoras bio BLS de 0,28 g. Línea Bio Tracer, diseñadas para uso con unidades trazadoras. Paquete de 1 kg.</p><ul><li>Peso: 0,28 g</li><li>Tipo: bio tracer</li><li>Cantidad: 1 kg</li><li>Calibre: 6 mm</li></ul>;BLS,Munición y gas;;;;SI;;;;
bbs-botella-de-0-45-g;BBs, Botella de 0.45 g;Munición y gas > BBs;;;;;;;15000.00;;;;;;2;RR0049;;SI;NO;<p>BBs de precisión de 0,45 g para marcadoras de alta potencia. Calibre 6 mm, color blanco. Paquete de 500 unidades.</p><ul><li>Peso: 0,45 g</li><li>Calibre: 6 mm BB</li><li>Color: blanco</li><li>Cantidad: 500 BBs</li></ul>;Munición y gas;;;;SI;;;;
bbs-bls-20-1-kg;BBs BLS .20 1 kg;Munición y gas > BBs;;;;;;;20250.00;;;;;;20;RR0069;;SI;NO;<p>BBs BLS de 0,20 g, paquete de 1 kg. Para uso general en AEG y GBB. Calibre 6 mm estándar.</p><ul><li>Peso: 0,20 g</li><li>Cantidad: 1 kg</li><li>Calibre: 6 mm</li></ul>;BLS,Munición y gas;;;;SI;;;;
bbs-bls-0-28;BBs BLS 0.28;Munición y gas > BBs;;;;;;;23250.00;;;;;;28;RR0023;;SI;NO;<p>BBs de precisión <strong>BLS 0,28 g</strong>. Polímero sólido resistente a astillas, diámetro 5,94–5,96 mm. Bolsa resellable de 1 kg.</p><ul><li>Peso: 0,28 g</li><li>Diámetro: 5,94–5,96 mm</li><li>Cantidad: 1 kg</li><li>Material: polímero sólido</li></ul>;BLS,Munición y gas;;;BLS;SI;;;;
bbs-bls-0-25-1-kg;BBs BLS 0.25 1 kg;Munición y gas > BBs;;;;;;;22200.00;;;;;;24;RR0022;;SI;NO;<p>BBs de precisión <strong>BLS 0,25 g</strong>. Polímero sólido resistente a astillas, diámetro 5,94–5,96 mm. Línea de precisión, bolsa resellable de 1 kg.</p><ul><li>Peso: 0,25 g</li><li>Diámetro: 5,94–5,96 mm</li><li>Cantidad: 1 kg</li><li>Línea: precisión</li></ul>;BLS,Munición y gas;;;BLS;SI;;;;
bateria-11-1-v-1200-a;Batería 11.1 V 1200 a;Energía > Baterías;;;;;;;49500.00;;;;;;2;RR0053;;SI;NO;<p>Batería LiPo 11,1 V 1200 mAh para AEG. Formato compacto, alta tasa de descarga para mayor cadencia. Compatible con conectores Tamiya y Deans (según variante).</p><ul><li>Voltaje: 11,1 V</li><li>Capacidad: 1.200 mAh</li><li>Tipo: LiPo</li></ul>;Energía;;;;SI;;;;
balaclava-varios-colores;Balaclava Varios Colores;Protección > Máscaras;Color;Camuflado Verde oscuro;;;;;18000.00;;;;;;6;RR0080;;SI;NO;<p>Balaclava táctica disponible en varios colores. Cobertura completa de cabeza y cuello. Material transpirable apto para uso prolongado en campo.</p><ul><li>Cobertura: cabeza y cuello</li><li>Colores: varios disponibles</li><li>Material: transpirable</li></ul>;Protección;;;;SI;;;;
balaclava-varios-colores;;;Color;Tan;;;;;18000.00;;;;;;9;RR0080;;;;;;;;;SI;;;;
balaclava-varios-colores;;;Color;Camuflado verde;;;;;18000.00;;;;;;8;RR0080;;;;;;;;;SI;;;;
antiparras-tacticas-de-alto-rendimiento-con-sistema-de-ventilacion-anti-empanami;Antiparras Tácticas de Alto Rendimiento con Sistema de Ventilación Anti-Empañamiento (Kit de 2 Lentes);Protección > Antiparras;;;;;;;145000.00;;;;;;40;RR0126;;SI;NO;<p>Antiparras tácticas con ventilador micro-electrónico silencioso anti-empañamiento. Motor alimentado por una pila AA. Kit con 2 lentes intercambiables para distintas condiciones de luz.</p><ul><li>Anti-empañamiento: ventilador eléctrico silencioso</li><li>Alimentación: 1 pila AA</li><li>Lentes: 2 intercambiables</li><li>Protección: balística táctica</li></ul>;Protección;;;;SI;;;;
antiparras-con-ventilador-incorporado;Antiparras con Ventilador Incorporado;Protección > Antiparras;;;;;;;145000.00;;;;;;40;RR0124;;SI;NO;<p>Antiparras tácticas con ventilador incorporado para prevenir el empañamiento. Motor silencioso integrado alimentado por batería. Kit con 2 lentes intercambiables.</p><ul><li>Sistema anti-empañamiento: ventilador eléctrico</li><li>Lentes incluidos: 2</li></ul>;Protección;;;;SI;;;;
antiparra-venture-gear-loadout;Antiparra Venture Gear Loadout;Protección > Antiparras;;;;;;;96000.00;;;;;;1;RR0070;;SI;NO;<p>Antiparra <strong>Venture Gear Loadout</strong>. Marco ventilado anti-empañamiento con revestimiento H2MAX. Espuma acolchada, funda integrada y certificación balística MIL-PRF-32432.</p><ul><li>Ventilación: marco ventilado</li><li>Revestimiento: H2MAX antivaho</li><li>Certificación: MIL-PRF-32432</li><li>Incluye: funda integrada</li></ul>;Protección;;;;SI;;;;
antifog-novritsch;Antifog Novritsch;Protección > Antiparras;;;;;;;151200.00;;;;;;10;RR0041;;SI;NO;<p>Unidad antivaho <strong>Novritsch</strong> para antiparras. Motor silencioso que enfría el interior y previene el empañamiento. Carcasa reforzada resistente a impactos de hasta 2 J.</p><ul><li>Antivaho: motor silencioso</li><li>Resistencia: hasta 2 J de impacto</li><li>Fijación: velcro trasero opcional</li></ul>;Novritsch,Protección;;;;SI;;;;
5-56-pistol-triple-mag-pouch-negro-idogear;5.56 Pistol Triple Mag Pouch Negro IDOgear;Equipamiento táctico > Pouches;;;;;;;45000.00;;;;;;9;RR0094;;SI;NO;<p>Triple pouch <strong>IDOgear</strong> para pistola y 5,56 mm. Tejido 500D con revestimiento resistente al agua. Fijación rápida por botón de presión MOLLE compatible. Orificios de drenaje y cordón elástico de acceso rápido.</p><ul><li>Material: 500D con cobertura resistente al agua</li><li>Sistema: MOLLE (botón de presión)</li><li>Compatible: cargadores 5,56 mm y 9 mm</li><li>Drenaje: orificios inferiores</li></ul>;IDOgear,Equipamiento táctico;;;;SI;;;;
